Title,Company,Location,Reward,Link
Flutter 앱 & Node.js 개발자,인졀미,합격보상금 100만원,https://www.wanted.co.kr/wd/210107
[5년 이상] Mobile (Flutter) 개발자,큐픽스,합격보상금 100만원,https://www.wanted.co.kr/wd/207359
Flutter 앱 개발자,섬재,합격보상금 100만원,https://www.wanted.co.kr/wd/210376
Flutter 개발자 (병역특례_현역/보충역),넛지헬스케어(캐시워크),합격보상금 100만원,https://www.wanted.co.kr/wd/168259
React 프론트 & Flutter 개발자,야미펀,합격보상금 100만원,https://www.wanted.co.kr/wd/210289
플러터(Flutter)개발자,피닉스다트,합격보상금 100만원,https://www.wanted.co.kr/wd/185303
Flutter 앱 개발자,비사이드코리아,합격보상금 100만원,https://www.wanted.co.kr/wd/120367
모바일/웹 클라이언트(flutter) 개발자(1년),스쿨버스,합격보상금 100만원,https://www.wanted.co.kr/wd/201909
Flutter 앱 & Node.js 개발자,인졀미,합격보상금 100만원,https://www.wanted.co.kr/wd/210107
[5년 이상] Mobile (Flutter) 개발자,큐픽스,합격보상금 100만원,https://www.wanted.co.kr/wd/207359
Flutter 앱 개발자,섬재,합격보상금 100만원,https://www.wanted.co.kr/wd/210376
Flutter 개발자 (병역특례_현역/보충역),넛지헬스케어(캐시워크),합격보상금 100만원,https://www.wanted.co.kr/wd/168259
React 프론트 & Flutter 개발자,야미펀,합격보상금 100만원,https://www.wanted.co.kr/wd/210289
플러터(Flutter)개발자,피닉스다트,합격보상금 100만원,https://www.wanted.co.kr/wd/185303
Flutter 앱 개발자,비사이드코리아,합격보상금 100만원,https://www.wanted.co.kr/wd/120367
모바일/웹 클라이언트(flutter) 개발자(1년),스쿨버스,합격보상금 100만원,https://www.wanted.co.kr/wd/201909
플러터 모바일앱 개발자,한국미용데이터,합격보상금 100만원,https://www.wanted.co.kr/wd/197630
"Frontend Developer (React, Flutter)",디렉셔널,합격보상금 100만원,https://www.wanted.co.kr/wd/204226
Flutter 앱 개발자,선후,합격보상금 100만원,https://www.wanted.co.kr/wd/202253
클라이언트팀 Flutter 개발자,로완,합격보상금 100만원,https://www.wanted.co.kr/wd/209205
플러터 앱 개발자,엑스플라이어,합격보상금 100만원,https://www.wanted.co.kr/wd/166936
플러터(Flutter) 개발자,피에트(FIET),합격보상금 100만원,https://www.wanted.co.kr/wd/209183
APP Developer (Flutter),이브로드캐스팅,합격보상금 100만원,https://www.wanted.co.kr/wd/210359
Flutter 모바일 앱 개발자,니더(급구),합격보상금 100만원,https://www.wanted.co.kr/wd/209802
Flutter 앱 & Node.js 개발자(신입 지원가능),인졀미,합격보상금 100만원,https://www.wanted.co.kr/wd/210056
모바일 앱 개발자 (Flutter),에스케이디앤디(SK D&D),합격보상금 100만원,https://www.wanted.co.kr/wd/143640
Flutter 앱 개발자 (3년 이상),모빌리버스,합격보상금 100만원,https://www.wanted.co.kr/wd/207790
[100억↑투자] 모바일 App 개발자(Flutter),비엘큐(테스트밸리),합격보상금 100만원,https://www.wanted.co.kr/wd/181248
"[100억↑투자] App 개발(Flutter, Android, iOS)",비엘큐(테스트밸리),합격보상금 100만원,https://www.wanted.co.kr/wd/87917
크로스플랫폼(flutter)/ 시니어 프론트엔드 엔지니어,하이스트레인저,합격보상금 100만원,https://www.wanted.co.kr/wd/202720
Flutter 플러터 앱 엔지니어,밀크코퍼레이션,합격보상금 100만원,https://www.wanted.co.kr/wd/161675
플러터 개발자 (3년 이상),다이노즈,합격보상금 100만원,https://www.wanted.co.kr/wd/203296
플러터 개발자,비밀리,합격보상금 100만원,https://www.wanted.co.kr/wd/170344
Flutter 개발자,와트,합격보상금 100만원,https://www.wanted.co.kr/wd/206135
Flutter 모바일 앱 개발자,우리의지금,합격보상금 100만원,https://www.wanted.co.kr/wd/139730
"KMPlayer Mobile(Android, iOS) Flutter 개발",판도라티비,합격보상금 100만원,https://www.wanted.co.kr/wd/202989
Flutter 앱 개발자 (3년 이상),에픽코퍼레이션,합격보상금 100만원,https://www.wanted.co.kr/wd/162035
Flutter 개발자,닥커넥트,합격보상금 100만원,https://www.wanted.co.kr/wd/206740
Flutter 앱 개발자,더클라우드팩토리,합격보상금 100만원,https://www.wanted.co.kr/wd/198773
아파트사업본부 APP(아보카도)개발 - Senior (flutter),더즌(dozn),합격보상금 100만원,https://www.wanted.co.kr/wd/207049
Flutter 개발자,코보시스,합격보상금 100만원,https://www.wanted.co.kr/wd/99737
[100억↑투자] 프론트엔드 개발자 (React-native / flutter),아파트멘터리,합격보상금 100만원,https://www.wanted.co.kr/wd/165183
모바일 앱 소프트웨어 개발 (Flutter / iOS / Android),블록체인랩스,합격보상금 100만원,https://www.wanted.co.kr/wd/138923
프론트엔드(Flutter) 개발자,와이엠스타,합격보상금 100만원,https://www.wanted.co.kr/wd/192579
플러터 개발자 (2년 이상),더블유클럽,합격보상금 100만원,https://www.wanted.co.kr/wd/73811
Flutter 앱 개발자,심버스,합격보상금 100만원,https://www.wanted.co.kr/wd/187060
플러터 앱 개발자,포스트랩,합격보상금 100만원,https://www.wanted.co.kr/wd/175296
Flutter 앱 개발자,플랙스뉴럴랩스,합격보상금 100만원,https://www.wanted.co.kr/wd/151186
